Package Name,Version,License (SPDX),Permissive?,Source,Dependency Type,Repository URL,Description,Notes
aho-corasick,1.1.4,Unlicense OR MIT,Yes,registry+https://github.com/rust-lang/crates.io-index,3rd Party (crates.io),https://github.com/BurntSushi/aho-corasick,Fast multiple substring searching.,
anyhow,1.0.100,MIT OR Apache-2.0,Yes,registry+https://github.com/rust-lang/crates.io-index,3rd Party (crates.io),https://github.com/dtolnay/anyhow,Flexible concrete Error type built on std::error::Error,
arrayvec,0.7.6,MIT OR Apache-2.0,Yes,registry+https://github.com/rust-lang/crates.io-index,3rd Party (crates.io),https://github.com/bluss/arrayvec,"A vector with fixed capacity, backed by an array (it can be stored on the stack too). Implements fixed capacity ArrayVec and ArrayString.",
awint,0.18.1,MIT OR Apache-2.0,Yes,registry+https://github.com/rust-lang/crates.io-index,3rd Party (crates.io),https://github.com/AaronKutch/awint,Arbitrary width integers,
awint_core,0.18.1,MIT OR Apache-2.0,Yes,registry+https://github.com/rust-lang/crates.io-index,3rd Party (crates.io),https://github.com/AaronKutch/awint,Core no-std and no-alloc `awint` functionality,
awint_dag,0.18.1,MIT OR Apache-2.0,Yes,registry+https://github.com/rust-lang/crates.io-index,3rd Party (crates.io),https://github.com/AaronKutch/awint,DAG `awint` functionality,
awint_ext,0.18.1,MIT OR Apache-2.0,Yes,registry+https://github.com/rust-lang/crates.io-index,3rd Party (crates.io),https://github.com/AaronKutch/awint,Externally allocating `awint` functionality,
awint_internals,0.18.1,MIT OR Apache-2.0,Yes,registry+https://github.com/rust-lang/crates.io-index,3rd Party (crates.io),https://github.com/AaronKutch/awint,Internal utilities for the `awint` system of crates,
awint_macro_internals,0.18.1,MIT OR Apache-2.0,Yes,registry+https://github.com/rust-lang/crates.io-index,3rd Party (crates.io),https://github.com/AaronKutch/awint,Internal macro utilities for the `awint` system of crates,
awint_macros,0.18.1,MIT OR Apache-2.0,Yes,registry+https://github.com/rust-lang/crates.io-index,3rd Party (crates.io),https://github.com/AaronKutch/awint,Accompanying procedural macros to `awint`,
bindgen,0.72.1,BSD-3-Clause,Yes,registry+https://github.com/rust-lang/crates.io-index,3rd Party (crates.io),https://github.com/rust-lang/rust-bindgen,Automatically generates Rust FFI bindings to C and C++ libraries.,Build-time only: generates FFI bindings for libmathdx-sys.
bitflags,2.10.0,MIT OR Apache-2.0,Yes,registry+https://github.com/rust-lang/crates.io-index,3rd Party (crates.io),https://github.com/bitflags/bitflags,A macro to generate structures which behave like bitflags.,
bytes,1.11.0,MIT,Yes,registry+https://github.com/rust-lang/crates.io-index,3rd Party (crates.io),https://github.com/tokio-rs/bytes,Types and traits for working with bytes,
cargo-oxide,0.2.1,Apache-2.0,Yes,local (workspace),1st Party (workspace),https://github.com/NVlabs/cuda-oxide.git,Cargo subcommand for cuda-oxide: build and run Rust GPU programs,
cexpr,0.6.0,Apache-2.0/MIT,Yes,registry+https://github.com/rust-lang/crates.io-index,3rd Party (crates.io),https://github.com/jethrogb/rust-cexpr,A C expression parser and evaluator,
cfg-if,1.0.4,MIT OR Apache-2.0,Yes,registry+https://github.com/rust-lang/crates.io-index,3rd Party (crates.io),https://github.com/rust-lang/cfg-if,"A macro to ergonomically define an item depending on a large number of #[cfg] parameters. Structured like an if-else chain, the first matching branch is the item that gets emitted.",
clang-sys,1.8.1,Apache-2.0,Yes,registry+https://github.com/rust-lang/crates.io-index,3rd Party (crates.io),https://github.com/KyleMayes/clang-sys,Rust bindings for libclang.,Build-time only: used by bindgen for libclang access.
clap,4.6.1,MIT OR Apache-2.0,Yes,registry+https://github.com/rust-lang/crates.io-index,3rd Party (crates.io),https://github.com/clap-rs/clap,"A simple to use, efficient, and full-featured Command Line Argument Parser",Command-line parsing for the cargo-oxide subcommand.
combine,4.6.7,MIT,Yes,registry+https://github.com/rust-lang/crates.io-index,3rd Party (crates.io),https://github.com/Marwes/combine,Fast parser combinators on arbitrary streams with zero-copy support.,
const_fn,0.4.11,Apache-2.0 OR MIT,Yes,registry+https://github.com/rust-lang/crates.io-index,3rd Party (crates.io),https://github.com/taiki-e/const_fn,A lightweight attribute for easy generation of const functions with conditional compilations.,
convert_case,0.10.0,MIT,Yes,registry+https://github.com/rust-lang/crates.io-index,3rd Party (crates.io),https://github.com/rutrum/convert-case,Convert strings into any case,
crossbeam-deque,0.8.6,MIT OR Apache-2.0,Yes,registry+https://github.com/rust-lang/crates.io-index,3rd Party (crates.io),https://github.com/crossbeam-rs/crossbeam,Concurrent work-stealing deque,Work-stealing deque behind rayon; pulled in by hashmap_v2 and hashmap_v3.
crossbeam-epoch,0.9.20,MIT OR Apache-2.0,Yes,registry+https://github.com/rust-lang/crates.io-index,3rd Party (crates.io),https://github.com/crossbeam-rs/crossbeam,Epoch-based garbage collection,Epoch-based reclamation behind rayon; pulled in by hashmap_v2 and hashmap_v3.
crossbeam-utils,0.8.21,MIT OR Apache-2.0,Yes,registry+https://github.com/rust-lang/crates.io-index,3rd Party (crates.io),https://github.com/crossbeam-rs/crossbeam,Utilities for concurrent programming,Concurrency primitives behind rayon; pulled in by hashmap_v2 and hashmap_v3.
crunchy,0.2.4,MIT,Yes,registry+https://github.com/rust-lang/crates.io-index,3rd Party (crates.io),https://github.com/eira-fransham/crunchy,Crunchy unroller: deterministically unroll constant loops,
cuda-artifact-finalizer,0.2.1,Apache-2.0,Yes,local (workspace),1st Party (workspace),https://github.com/NVlabs/cuda-oxide.git,Driver-independent NVVM IR and LTOIR finalization for cuda-oxide,
cuda-async,0.3.1,Apache-2.0,Yes,registry+https://github.com/rust-lang/crates.io-index,1st Party (crates.io),https://github.com/NVlabs/cutile-rs,Async execution layer for CUDA device operations,"Shared host crate from cutile-rs; replaced the local crates/cuda-async. The cuda-oxide SIMT API lives under cuda_async::simt."
cuda-bindings,0.3.1,Apache-2.0,Yes,registry+https://github.com/rust-lang/crates.io-index,1st Party (crates.io),https://github.com/NVlabs/cutile-rs,Raw FFI bindings to the CUDA driver API,"Shared host crate from cutile-rs; replaced the local crates/cuda-bindings. Loads libcuda at run time through libloading."
cuda-core,0.3.1,Apache-2.0,Yes,registry+https://github.com/rust-lang/crates.io-index,1st Party (crates.io),https://github.com/NVlabs/cutile-rs,Safe RAII wrappers around the CUDA driver API (idiomatic host-side CUDA),"Shared host crate from cutile-rs; replaced the local crates/cuda-core. The cuda-oxide SIMT API lives under cuda_core::simt; it reads artifact bundles through the crates.io oxide-artifacts 0.2.1."
cuda-core-derive,0.3.1,Apache-2.0,Yes,registry+https://github.com/rust-lang/crates.io-index,1st Party (crates.io),https://github.com/NVlabs/cutile-rs,#[derive(DeviceCopy)] for cuda_core::DeviceCopy,"Proc-macro companion of the shared cuda-core; re-exported as cuda_core::DeviceCopy. Same cutile-rs release as cuda-core."
cuda-device,0.2.1,Apache-2.0,Yes,local (workspace),1st Party (workspace),https://github.com/NVlabs/cuda-oxide.git,Device-side intrinsics and types for CUDA kernels in Rust,
cuda-host,0.2.1,Apache-2.0,Yes,local (workspace),1st Party (workspace),https://github.com/NVlabs/cuda-oxide.git,Host-side utilities for CUDA kernel development,
cuda-intrinsics,0.1.0,Apache-2.0,Yes,local (workspace),1st Party (workspace),https://github.com/NVlabs/cuda-oxide.git,Generated low-level CUDA intrinsic declarations for cuda-oxide,
cuda-intrinsics-gen,0.1.0,Apache-2.0,Yes,local (workspace),1st Party (workspace),https://github.com/NVlabs/cuda-oxide.git,Extractor and deterministic source generator for cuda-oxide intrinsics,
cuda-macros,0.2.1,Apache-2.0,Yes,local (workspace),1st Party (workspace),https://github.com/NVlabs/cuda-oxide.git,"Procedural macros for CUDA kernel development (#[kernel], #[device], etc.)",
cuda-oxide-codegen,0.1.0,Apache-2.0,Yes,local (workspace),1st Party (workspace),https://github.com/NVlabs/cuda-oxide.git,Experimental rustc-independent cuda-oxide PTX backend,
cuda-target-spec,0.1.0,Apache-2.0,Yes,local (workspace),1st Party (workspace),https://github.com/NVlabs/cuda-oxide.git,Shared CUDA target parsing and recorded LLVM PTX-floor policy,
dashmap,6.2.1,MIT,Yes,registry+https://github.com/rust-lang/crates.io-index,3rd Party (crates.io),https://github.com/xacrimon/dashmap,Blazing fast concurrent HashMap for Rust.,Pulled by the shared cuda-async (cutile-rs).
device-only-kernels,0.0.0,Apache-2.0,Yes,local (workspace),1st Party (workspace),https://github.com/NVlabs/cuda-oxide.git,"INTERNAL: fixture for scripts/check-device-only-build.sh, proving the macro expansion resolves with no cuda-host in the graph. Not published.",Declares its own [workspace] so it resolves independently of the root lock.
dialect-iket,0.1.0,Apache-2.0,Yes,local (workspace),1st Party (workspace),https://github.com/NVlabs/cuda-oxide.git,Semantic IKET dialect for in-kernel event tracing,
dialect-mir,0.2.1,Apache-2.0,Yes,local (workspace),1st Party (workspace),https://github.com/NVlabs/cuda-oxide.git,MIR dialect for pliron MLIR framework (Rust MIR representation),
dialect-nvvm,0.2.1,Apache-2.0,Yes,local (workspace),1st Party (workspace),https://github.com/NVlabs/cuda-oxide.git,NVVM dialect for pliron MLIR framework (NVIDIA GPU intrinsics),
dialect-ptx,0.1.0,Apache-2.0,Yes,local (workspace),1st Party (workspace),https://github.com/NVlabs/cuda-oxide.git,Structured Pliron PTX dialect with lossless-source projection and emission,
dissimilar,1.0.10,Apache-2.0,Yes,registry+https://github.com/rust-lang/crates.io-index,3rd Party (crates.io),https://github.com/dtolnay/dissimilar,"Diff library with semantic cleanup, based on Google's diff-match-patch",Dev-dependency only: used by expect-test.
downcast-rs,2.0.2,MIT OR Apache-2.0,Yes,registry+https://github.com/rust-lang/crates.io-index,3rd Party (crates.io),https://github.com/marcianx/downcast-rs,"Trait object downcasting support using only safe Rust. It supports type parameters, associated types, and type constraints.",
dyn-clone,1.0.20,MIT OR Apache-2.0,Yes,registry+https://github.com/rust-lang/crates.io-index,3rd Party (crates.io),https://github.com/dtolnay/dyn-clone,Clone trait that is dyn-compatible,
either,1.15.0,MIT OR Apache-2.0,Yes,registry+https://github.com/rust-lang/crates.io-index,3rd Party (crates.io),https://github.com/rayon-rs/either,The enum `Either` with variants `Left` and `Right` is a general purpose sum type with two cases.,
errno,0.3.14,MIT OR Apache-2.0,Yes,registry+https://github.com/rust-lang/crates.io-index,3rd Party (crates.io),https://github.com/lambda-fairy/rust-errno,Cross-platform interface to the `errno` variable.,"Platform-conditional: only used by rustix's libc backend on non-Linux Unix targets, not compiled on x86_64-unknown-linux-gnu. Pulled in by tempfile."
expect-test,1.5.1,MIT OR Apache-2.0,Yes,registry+https://github.com/rust-lang/crates.io-index,3rd Party (crates.io),https://github.com/rust-analyzer/expect-test,Minimalistic snapshot testing library,Dev-dependency only: used in llvm-export tests.
fastrand,2.5.0,Apache-2.0 OR MIT,Yes,registry+https://github.com/rust-lang/crates.io-index,3rd Party (crates.io),https://github.com/smol-rs/fastrand,A simple and fast random number generator,Pulled in by tempfile (scratch-directory naming) via cuda-oxide-codegen.
futures,0.3.32,MIT OR Apache-2.0,Yes,registry+https://github.com/rust-lang/crates.io-index,3rd Party (crates.io),https://github.com/rust-lang/futures-rs,"An implementation of futures and streams featuring zero allocations, composability, and iterator-like interfaces.",Combinators for the cuda-async DeviceOperation pipeline.
fuzzer,0.2.1,Apache-2.0,Yes,local (workspace),1st Party (workspace),https://github.com/NVlabs/cuda-oxide.git,"Differential codegen fuzzer support for cuda-oxide (rustlantis adapter, trace API)",
getrandom,0.4.3,MIT OR Apache-2.0,Yes,registry+https://github.com/rust-lang/crates.io-index,3rd Party (crates.io),https://github.com/rust-random/getrandom,A small cross-platform library for retrieving random data from system source,Pulled in by tempfile via cuda-oxide-codegen.
glob,0.3.3,MIT OR Apache-2.0,Yes,registry+https://github.com/rust-lang/crates.io-index,3rd Party (crates.io),https://github.com/rust-lang/glob,Support for matching file paths against Unix shell style patterns.,
half,2.7.1,MIT OR Apache-2.0,Yes,registry+https://github.com/rust-lang/crates.io-index,3rd Party (crates.io),https://github.com/VoidStarKat/half-rs,Half-precision floating point f16 and bf16 types for Rust implementing the IEEE 754-2008 standard binary16 and bfloat16 types.,Half-precision float types (f16/bf16). Core type used throughout for GPU compute.
iket-lower,0.1.0,Apache-2.0,Yes,local (workspace),1st Party (workspace),https://github.com/NVlabs/cuda-oxide.git,Lowering policy and runtime-compatible encoding for dialect-iket,
itertools,0.13.0,MIT OR Apache-2.0,Yes,registry+https://github.com/rust-lang/crates.io-index,3rd Party (crates.io),https://github.com/rust-itertools/itertools,"Extra iterator adaptors, iterator methods, free functions, and macros.",
libc,0.2.180,MIT OR Apache-2.0,Yes,registry+https://github.com/rust-lang/crates.io-index,3rd Party (crates.io),https://github.com/rust-lang/libc,Raw FFI bindings to platform libraries like libc.,
libloading,0.8.9,ISC,Yes,registry+https://github.com/rust-lang/crates.io-index,3rd Party (crates.io),https://github.com/nagisa/rust_libloading/,Bindings around the platform's dynamic library loading primitives with greatly improved memory safety.,Dynamic library loading for CUDA driver API.
libm,0.2.16,MIT,Yes,registry+https://github.com/rust-lang/crates.io-index,3rd Party (crates.io),https://github.com/rust-lang/compiler-builtins,libm in pure Rust,libm_math compares device libdevice results against this portable software implementation.
libmathdx-sys,0.1.0,Apache-2.0,Yes,local (example),1st Party (example),https://github.com/NVlabs/cuda-oxide.git,Raw FFI bindings to NVIDIA libmathdx (runtime code-generation for MathDx),In mathdx_ffi_test example; not a workspace member.
libnvvm-sys,0.2.1,Apache-2.0,Yes,local (workspace),1st Party (workspace),https://github.com/NVlabs/cuda-oxide.git,Runtime (dlopen) bindings to NVIDIA libNVVM (ships with the CUDA Toolkit),
linkme,0.3.35,MIT OR Apache-2.0,Yes,registry+https://github.com/rust-lang/crates.io-index,3rd Party (crates.io),https://github.com/dtolnay/linkme,Safe cross-platform linker shenanigans,
linkme-impl,0.3.35,MIT OR Apache-2.0,Yes,registry+https://github.com/rust-lang/crates.io-index,3rd Party (crates.io),https://github.com/dtolnay/linkme,Implementation detail of the linkme crate,
linux-raw-sys,0.12.1,Apache-2.0 WITH LLVM-exception OR Apache-2.0 OR MIT,Yes,registry+https://github.com/rust-lang/crates.io-index,3rd Party (crates.io),https://github.com/sunfishcode/linux-raw-sys,Generated bindings for Linux's userspace API,Pulled in by rustix (via tempfile) for direct Linux syscalls.
llvm-export,0.2.1,Apache-2.0,Yes,local (workspace),1st Party (workspace),https://github.com/NVlabs/cuda-oxide.git,Re-exports pliron-llvm and emits the LLVM dialect as textual LLVM IR,
log,0.4.29,MIT OR Apache-2.0,Yes,registry+https://github.com/rust-lang/crates.io-index,3rd Party (crates.io),https://github.com/rust-lang/log,A lightweight logging facade for Rust,
memchr,2.7.6,Unlicense OR MIT,Yes,registry+https://github.com/rust-lang/crates.io-index,3rd Party (crates.io),https://github.com/BurntSushi/memchr,"Provides extremely fast (uses SIMD on x86_64, aarch64 and wasm32) routines for 1, 2 or 3 byte search and single substring search.",
minimal-lexical,0.2.1,MIT/Apache-2.0,Yes,registry+https://github.com/rust-lang/crates.io-index,3rd Party (crates.io),https://github.com/Alexhuszagh/minimal-lexical,Fast float parsing conversion routines.,
mir-importer,0.2.1,Apache-2.0,Yes,local (workspace),1st Party (workspace),https://github.com/NVlabs/cuda-oxide.git,Rust MIR to pliron MLIR translation and compilation pipeline,
mir-lower,0.2.1,Apache-2.0,Yes,local (workspace),1st Party (workspace),https://github.com/NVlabs/cuda-oxide.git,MIR dialect to LLVM dialect lowering pass,
mir-transforms,0.2.1,Apache-2.0,Yes,local (workspace),1st Party (workspace),https://github.com/NVlabs/cuda-oxide.git,"Optimization passes over the MIR dialect (loop unroll, ...)",
nom,7.1.3,MIT,Yes,registry+https://github.com/rust-lang/crates.io-index,3rd Party (crates.io),https://github.com/Geal/nom,"A byte-oriented, zero-copy, parser combinators library",
nvjitlink-sys,0.2.1,Apache-2.0,Yes,local (workspace),1st Party (workspace),https://github.com/NVlabs/cuda-oxide.git,Runtime (dlopen) bindings to NVIDIA nvJitLink (ships with the CUDA Toolkit),
nvvm-transforms,0.2.1,Apache-2.0,Yes,local (workspace),1st Party (workspace),https://github.com/NVlabs/cuda-oxide.git,Target-aware LLVM dialect legalization for NVVM,
object,0.36.7,Apache-2.0 OR MIT,Yes,registry+https://github.com/rust-lang/crates.io-index,3rd Party (crates.io),https://github.com/gimli-rs/object,A unified interface for reading and writing object file formats.,ELF reading and writing behind oxide-artifacts' object features.
once_cell,1.21.3,MIT OR Apache-2.0,Yes,registry+https://github.com/rust-lang/crates.io-index,3rd Party (crates.io),https://github.com/matklad/once_cell,Single assignment cells and lazy values.,
oxide-artifacts,0.2.1,Apache-2.0,Yes,registry+https://github.com/rust-lang/crates.io-index,1st Party (crates.io),https://github.com/NVlabs/cuda-oxide.git,Architecture-neutral embedded device artifact metadata for cuda-oxide,"Consumed from crates.io by the backend (writer) and by the shared cuda-core (reader) so both see one crate; crates/oxide-artifacts in this workspace is the source it is published from."
pliron,0.17.0,Apache-2.0,Yes,git+https://github.com/pliron-org/pliron?rev=8447aa426e2f090dc8b7b9383c5035db7bc70b62,3rd Party (git),https://github.com/pliron-org/pliron,Programming Languages Intermediate RepresentatiON,"Primary dependency: MLIR-inspired IR framework. Custom MLIR dialects (MIR, LLVM, NVVM) built on this. Pinned to a git revision; this version is not published to crates.io."
pliron-derive,0.17.0,Apache-2.0,Yes,git+https://github.com/pliron-org/pliron?rev=8447aa426e2f090dc8b7b9383c5035db7bc70b62,3rd Party (git),https://github.com/pliron-org/pliron,LLVM Dialect for pliron,"Proc-macro companion to pliron: the Description column copies upstream's own text, which is inaccurate for this crate. Same git pin as pliron."
pliron-llvm,0.17.0,Apache-2.0,Yes,git+https://github.com/pliron-org/pliron?rev=8447aa426e2f090dc8b7b9383c5035db7bc70b62,3rd Party (git),https://github.com/pliron-org/pliron,LLVM dialect for pliron,"Upstream LLVM dialect modeling; re-exported by the llvm-export crate. Same git pin as pliron."
prettyplease,0.2.37,MIT OR Apache-2.0,Yes,registry+https://github.com/rust-lang/crates.io-index,3rd Party (crates.io),https://github.com/dtolnay/prettyplease,A minimal `syn` syntax tree pretty-printer,
proc-macro2,1.0.106,MIT OR Apache-2.0,Yes,registry+https://github.com/rust-lang/crates.io-index,3rd Party (crates.io),https://github.com/dtolnay/proc-macro2,A substitute implementation of the compiler's `proc_macro` API to decouple token-based libraries from the procedural macro use case.,
ptx-parse,0.1.0,Apache-2.0,Yes,local (workspace),1st Party (workspace),https://github.com/NVlabs/cuda-oxide.git,Lossless structural views over PTX source text,
ptx-schedule,0.1.0,Apache-2.0,Yes,local (workspace),1st Party (workspace),https://github.com/NVlabs/cuda-oxide.git,Structural PTX schedule analysis and deterministic perturbation,
quote,1.0.44,MIT OR Apache-2.0,Yes,registry+https://github.com/rust-lang/crates.io-index,3rd Party (crates.io),https://github.com/dtolnay/quote,Quasi-quoting macro quote!(...),
r-efi,6.0.0,MIT OR Apache-2.0 OR LGPL-2.1-or-later,Yes,registry+https://github.com/rust-lang/crates.io-index,3rd Party (crates.io),https://github.com/r-efi/r-efi,UEFI Reference Specification Protocol Constants and Definitions,"Platform-conditional: only used by getrandom on UEFI targets, not compiled on x86_64-unknown-linux-gnu. Pulled in by tempfile."
rayon,1.12.0,MIT OR Apache-2.0,Yes,registry+https://github.com/rust-lang/crates.io-index,3rd Party (crates.io),https://github.com/rayon-rs/rayon,Simple work-stealing parallelism for Rust,hashmap_v2 and hashmap_v3 build their host-side reference tables in parallel.
rayon-core,1.13.0,MIT OR Apache-2.0,Yes,registry+https://github.com/rust-lang/crates.io-index,3rd Party (crates.io),https://github.com/rayon-rs/rayon,Core APIs for Rayon,Thread-pool core of rayon.
recasting,0.2.1,MIT OR Apache-2.0,Yes,registry+https://github.com/rust-lang/crates.io-index,3rd Party (crates.io),https://github.com/AaronKutch/recasting,traits for one-to-one recasting of values in data structures,
regex,1.12.2,MIT OR Apache-2.0,Yes,registry+https://github.com/rust-lang/crates.io-index,3rd Party (crates.io),https://github.com/rust-lang/regex,An implementation of regular expressions for Rust. This implementation uses finite automata and guarantees linear time matching on all inputs.,
regex-automata,0.4.13,MIT OR Apache-2.0,Yes,registry+https://github.com/rust-lang/crates.io-index,3rd Party (crates.io),https://github.com/rust-lang/regex,Automata construction and matching using regular expressions.,
regex-syntax,0.8.8,MIT OR Apache-2.0,Yes,registry+https://github.com/rust-lang/crates.io-index,3rd Party (crates.io),https://github.com/rust-lang/regex,A regular expression parser.,
reserved-oxide-symbols,0.2.1,Apache-2.0,Yes,local (workspace),1st Party (workspace),https://github.com/NVlabs/cuda-oxide.git,INTERNAL: cuda-oxide workspace symbol-name contract. Not a public API.,
rustc-demangle,0.1.28,MIT OR Apache-2.0,Yes,registry+https://github.com/rust-lang/crates.io-index,3rd Party (crates.io),https://github.com/rust-lang/rustc-demangle,Rust compiler symbol demangling.,
rustc-hash,2.1.1,Apache-2.0 OR MIT,Yes,registry+https://github.com/rust-lang/crates.io-index,3rd Party (crates.io),https://github.com/rust-lang/rustc-hash,"A speedy, non-cryptographic hashing algorithm used by rustc",
rustc_apfloat,0.2.3+llvm-462a31f5a5ab,Apache-2.0 WITH LLVM-exception,Yes,registry+https://github.com/rust-lang/crates.io-index,3rd Party (crates.io),https://github.com/rust-lang/rustc_apfloat,Rust port of C++ llvm::APFloat library,Apache-2.0 WITH LLVM-exception is a permissive license (the LLVM exception relaxes patent clauses).
rustc_codegen_cuda,0.2.1,Apache-2.0,Yes,local (workspace),1st Party (workspace),https://github.com/NVlabs/cuda-oxide.git,Unified host/device compilation backend for rustc (CUDA/PTX codegen),Own [workspace] for the rustc-private dylibs; not a root workspace member
rustix,1.1.4,Apache-2.0 WITH LLVM-exception OR Apache-2.0 OR MIT,Yes,registry+https://github.com/rust-lang/crates.io-index,3rd Party (crates.io),https://github.com/bytecodealliance/rustix,Safe Rust bindings to POSIX/Unix/Linux/Winsock-like syscalls,Pulled in by tempfile for directory creation/permissions.
serde,1.0.228,MIT OR Apache-2.0,Yes,registry+https://github.com/rust-lang/crates.io-index,3rd Party (crates.io),https://github.com/serde-rs/serde,A generic serialization/deserialization framework,Derives the cuda-intrinsics-gen catalog and overlay data model.
serde_json,1.0.149,MIT OR Apache-2.0,Yes,registry+https://github.com/rust-lang/crates.io-index,3rd Party (crates.io),https://github.com/serde-rs/json,A JSON serialization file format,Reads and writes the intrinsics catalog and cargo-oxide JSON output.
sha2,0.10.9,MIT OR Apache-2.0,Yes,registry+https://github.com/rust-lang/crates.io-index,3rd Party (crates.io),https://github.com/RustCrypto/hashes,"Pure Rust implementation of the SHA-2 hash function family including SHA-224, SHA-256, SHA-384, and SHA-512.",Content hashing for artifact provenance and codegen fingerprints.
shlex,1.3.0,MIT OR Apache-2.0,Yes,registry+https://github.com/rust-lang/crates.io-index,3rd Party (crates.io),https://github.com/comex/rust-shlex,"Split a string into shell words, like Python's shlex.",
slotmap,1.1.1,Zlib,Yes,registry+https://github.com/rust-lang/crates.io-index,3rd Party (crates.io),https://github.com/orlp/slotmap,Slotmap data structure,
smallvec,1.15.1,MIT OR Apache-2.0,Yes,registry+https://github.com/rust-lang/crates.io-index,3rd Party (crates.io),https://github.com/servo/rust-smallvec,'Small vector' optimization: store up to a small number of items on the stack,
syn,2.0.114,MIT OR Apache-2.0,Yes,registry+https://github.com/rust-lang/crates.io-index,3rd Party (crates.io),https://github.com/dtolnay/syn,Parser for Rust source code,
tempfile,3.27.0,MIT OR Apache-2.0,Yes,registry+https://github.com/rust-lang/crates.io-index,3rd Party (crates.io),https://github.com/Stebalien/tempfile,A library for managing temporary files and directories.,Used by cuda-oxide-codegen for the standalone compiler's RAII scratch directory.
thiserror,2.0.18,MIT OR Apache-2.0,Yes,registry+https://github.com/rust-lang/crates.io-index,3rd Party (crates.io),https://github.com/dtolnay/thiserror,derive(Error),
thiserror-impl,2.0.18,MIT OR Apache-2.0,Yes,registry+https://github.com/rust-lang/crates.io-index,3rd Party (crates.io),https://github.com/dtolnay/thiserror,Implementation detail of the `thiserror` crate,
tokio,1.52.3,MIT,Yes,registry+https://github.com/rust-lang/crates.io-index,3rd Party (crates.io),https://github.com/tokio-rs/tokio,"An event-driven, non-blocking I/O platform for writing asynchronous I/O backed applications.","async_mlp, async_vecadd and cutile_inter_kernel use the multi-threaded runtime for the async host harness."
tokio-macros,2.7.0,MIT,Yes,registry+https://github.com/rust-lang/crates.io-index,3rd Party (crates.io),https://github.com/tokio-rs/tokio,Tokio's proc macros.,"Proc-macro half of tokio; pulled in by its ""macros"" feature."
toml,1.1.2+spec-1.1.0,MIT OR Apache-2.0,Yes,registry+https://github.com/rust-lang/crates.io-index,3rd Party (crates.io),https://github.com/toml-rs/toml,A native Rust encoder and decoder of TOML-formatted files and streams. Provides implementations of the standard Serialize/Deserialize traits for TOML data to facilitate deserializing and serializing Rust structures.,Parses the intrinsic overlay shards and the append-only ABI ledger.
triple_arena,0.14.0,MIT OR Apache-2.0,Yes,registry+https://github.com/rust-lang/crates.io-index,3rd Party (crates.io),https://github.com/AaronKutch/triple_arena,"Regular, Chain, Surjection, and Ordered Arenas supporting non-Clone types, deletion, and more",
trybuild,1.0.116,MIT OR Apache-2.0,Yes,registry+https://github.com/rust-lang/crates.io-index,3rd Party (crates.io),https://github.com/dtolnay/trybuild,Test harness for ui tests of compiler diagnostics,"Dev-only: drives the compile-fail and pass suites for cuda-core, cuda-device and cuda-macros."
unicode-ident,1.0.22,(MIT OR Apache-2.0) AND Unicode-3.0,Yes,registry+https://github.com/rust-lang/crates.io-index,3rd Party (crates.io),https://github.com/dtolnay/unicode-ident,Determine whether characters have the XID_Start or XID_Continue properties according to Unicode Standard Annex #31,
unicode-segmentation,1.12.0,MIT OR Apache-2.0,Yes,registry+https://github.com/rust-lang/crates.io-index,3rd Party (crates.io),https://github.com/unicode-rs/unicode-segmentation,"This crate provides Grapheme Cluster, Word and Sentence boundaries according to Unicode Standard Annex #29 rules.",
utf8-chars,3.0.6,MIT OR Apache-2.0,Yes,registry+https://github.com/rust-lang/crates.io-index,3rd Party (crates.io),https://github.com/A1-Triard/utf8-chars,Char-by-char iterator and `read_char` method for `BufRead`.,
version_check,0.9.5,MIT/Apache-2.0,Yes,registry+https://github.com/rust-lang/crates.io-index,3rd Party (crates.io),https://github.com/SergioBenitez/version_check,Tiny crate to check the version of the installed/running rustc.,
windows-link,0.2.1,MIT OR Apache-2.0,Yes,registry+https://github.com/rust-lang/crates.io-index,3rd Party (crates.io),https://github.com/microsoft/windows-rs,Linking for Windows,"Platform-conditional: only compiled for Windows targets, never on Linux. Pulled in by libloading."
zerocopy,0.8.34,BSD-2-Clause OR Apache-2.0 OR MIT,Yes,registry+https://github.com/rust-lang/crates.io-index,3rd Party (crates.io),https://github.com/google/zerocopy,"Zerocopy makes zero-cost memory manipulation effortless. We write ""unsafe"" so you don't have to.",
zerocopy-derive,0.8.34,BSD-2-Clause OR Apache-2.0 OR MIT,Yes,registry+https://github.com/rust-lang/crates.io-index,3rd Party (crates.io),https://github.com/google/zerocopy,Custom derive for traits from the zerocopy crate,
